{"xs3aED62exv6O0GVIniK0A==":"black%20logo%20-%20no%20background-354x109.png","ynoXzlEvV8BW0Wozcp2cng==":"color%20logo%20with%20background-96x30.png","l2rC+COvsW+QWxBu9uffEA==":"color%20logo%20-%20no%20background-307x95.png","u2rw3+gRE/7JbY/dt6D8cA==":"black%20logo%20-%20no%20background-310x96.png","1pSAC0dlKQ828+wU68rz5Q==":"facebook_cover1-1640x624.png","30T8bcxyPmcN6X4GiOoH6g==":"facebook_cover-310x118.png","3lkgC7KlD+nUK/oNmBKk5g==":"color%20logo%20with%20background-252x78.png","DwnoUtJDx9POcyeiMqKXkA==":"facebook_cover_flambee_-1036x394.png","/GLzneKtE+1H3EN97XWI7w==":"youtube_cover_mirko-1036x583.png","m94Dc7DWCq8koyoKhiToIw==":"youtube_cover_flambee_check-1256x707.png"}